Metric,Value
Cumulative Return,0.09094296717860195
Sharpe Ratio,0.18902297790063807
Maximum Drawdown,-0.3705576950355809
Annualized Alpha,0.09477440406245494
